DataStructure,Operation,Size,TimeMs,Steps,Comparisons,Moves
DynamicArray,Add,100,0,0336,150,0,250
DynamicArray,Get,100,0,1972,1000,0,0
DynamicArray,Remove,100,0,2592,5050,0,4950
MyLinkedList,Add,100,0,4690,4950,0,199
MyLinkedList,Get,100,0,1112,4699,0,0
MyLinkedList,Remove,100,0,0078,100,0,0
MinHeap,Insert,100,0,0411,658,176,406
MinHeap,ExtractMin,100,0,1418,2734,856,922
DynamicArray,Add,1000,0,1481,1270,0,2270
DynamicArray,Get,1000,0,0612,1000,0,0
DynamicArray,Remove,1000,0,5446,95050,0,94950
MyLinkedList,Add,1000,1,2355,499500,0,1999
MyLinkedList,Get,1000,0,2972,47844,0,0
MyLinkedList,Remove,1000,0,0066,100,0,0
MinHeap,Insert,1000,0,3649,8482,2299,4884
MinHeap,ExtractMin,1000,0,1433,5464,1767,1830
DynamicArray,Add,10000,0,5684,10230,0,20230
DynamicArray,Get,10000,0,0438,1000,0,0
DynamicArray,Remove,10000,4,7183,995050,0,994950
MyLinkedList,Add,10000,58,1401,49995000,0,19999
MyLinkedList,Get,10000,2,0847,537141,0,0
MyLinkedList,Remove,10000,0,0181,100,0,0
MinHeap,Insert,10000,0,7882,81266,22754,45758
MinHeap,ExtractMin,10000,0,1961,7528,2456,2516
DynamicArray,Add,100000,3,3467,163830,0,263830
DynamicArray,Get,100000,0,0254,1000,0,0
DynamicArray,Remove,100000,0,5686,9995050,0,9994950
MyLinkedList,Add,100000,7345,6021,4999950000,0,199999
MyLinkedList,Get,100000,5,6122,4955616,0,0
MyLinkedList,Remove,100000,0,0098,100,0,0
MinHeap,Insert,100000,3,9630,877838,228499,520840
MinHeap,ExtractMin,100000,0,0636,9502,3114,3174
