DataStructure,Operation,Size,TimeMs,Steps,Comparisons
DynamicArray,Add,100,0.0334,150,0
DynamicArray,Get,100,0.0487,250,0
DynamicArray,Remove,100,0.2177,2667,0
MyLinkedList,Add,100,0.8105,4950,0
MyLinkedList,Get,100,0.1904,10411,0
MyLinkedList,Remove,100,0.1017,7583,0
MinHeap,Insert,100,0.0606,788,206
MinHeap,ExtractMin,100,0.1578,3474,1048
DynamicArray,Add,1000,0.1114,1270,0
DynamicArray,Get,1000,0.1070,2270,0
DynamicArray,Remove,1000,0.7332,50901,0
MyLinkedList,Add,1000,1.7839,499500,0
MyLinkedList,Get,1000,1.5942,992406,0
MyLinkedList,Remove,1000,0.4917,545019,0
MinHeap,Insert,1000,0.4127,8594,2326
MinHeap,ExtractMin,1000,0.9314,54480,17119
DynamicArray,Add,10000,0.7059,10230,0
DynamicArray,Get,10000,0.6739,20230,0
DynamicArray,Remove,10000,5.8364,499905,0
MyLinkedList,Add,10000,65.3179,49995000,0
MyLinkedList,Get,10000,7.2683,54935623,0
MyLinkedList,Remove,10000,2.4794,50513362,0
MinHeap,Insert,10000,0.6963,81278,22753
MinHeap,ExtractMin,10000,2.2152,748286,239446
DynamicArray,Add,100000,2.2413,163830,0
DynamicArray,Get,100000,1.2954,263830,0
DynamicArray,Remove,100000,0.5084,4831521,0
MyLinkedList,Add,100000,7322.6481,4999950000,0
MyLinkedList,Get,100000,60.5913,5050765131,0
MyLinkedList,Remove,100000,5.3451,5004729281,0
MinHeap,Insert,100000,3.1524,875300,227857
MinHeap,ExtractMin,100000,8.2591,9542736,3060159
